Year, kWh, kvarh, "Peak kW", "peak kVA", "Losses kWh", "Losses kvarh", "Peak Losses kW"
1, 522.36880159613, 171.619268888301, 60.917377411754, 64.0732217650981, 5.06265852265946, 1.58883848193795, 2.08689563285054
