Year, kWh, kvarh, "Peak kW", "peak kVA", "Losses kWh", "Losses kvarh", "Peak Losses kW"
1, 782.431747338125, 257.322643964882, 48.8344267789989, 51.4108094991283, 7.3402471432752, 2.56181325429994, 0.69422740297784
