Bus,  NumNodes, R1, X1, R0, X0, Z1, Z0, "X1/R1", "X0/R0"
"SOURCEBUS", 3,    1.61032,    6.44129,    1.80338,    5.41013,    6.63953,    5.70278,        4,        3
