Bus,  NumNodes, R1, X1, R0, X0, Z1, Z0, "X1/R1", "X0/R0"
"SOURCEBUS", 3,    1.06918,    4.27671,    1.39678,    4.19034,    4.40833,      4.417,        4,        3
